Temperature,Concentration,ConcentrationRatio,Time,STY,E_factor
89.963209507789,480.2857225639665,3.9279757672456204,1.397987726295555,4217.598124640979,1.1405330857405562
72.48149123539493,162.39780813448107,1.2323344486727978,1.7992642186624028,301.70553441209324,3.4248686834340067
108.0892009394567,383.2290311184182,1.0823379771832098,1.9548647782429915,1841.0742503318709,0.507166403349293
126.59541126403374,184.93564427131048,1.7272998688284025,0.7751067647801507,1974.5469738782842,1.0422861863823147
84.33937943676301,309.9025726528952,2.727780074568463,0.9368437102970628,2663.4058127076046,1.6284941302245428
108.94823157779035,155.79754426081672,2.1685785941408726,1.0495427649405376,1174.1772977199246,1.3743785609571046
96.48559873736288,414.07038455720544,1.798695128633439,1.2713516576204174,3205.925280400219,0.7479978227963466
107.39316550896339,118.58016508799909,3.4301794076057535,0.7557861855309373,1166.9132800586508,2.247800100316737
65.20412743882235,479.5542149013333,4.862528132298237,1.7125960221746916,3231.8985840749983,1.6216634128708798
84.36910153386965,139.06884560255355,3.7369321060486276,1.1602287406094018,849.7807441880108,2.5914752720319405
69.76305878758231,298.0707640445081,1.1375540844608736,1.8639806031181732,731.3467798531966,2.1459167018576446
80.70239852800135,365.0089137415928,2.246844304357644,1.2801020317667162,2422.9267203338004,1.2495155103680728
103.73682234746238,173.94178221021082,4.878338511058234,1.6626992350416718,1269.506409810844,1.4990574067742886
135.15991532513513,457.93094017105955,3.3915999152443406,1.8828113525346752,3022.039521855894,0.9309856003332835
67.07940016415355,178.3931449676581,1.1809091556421523,0.9879954961448965,323.2482186983218,7.139302601743378
91.09418317515856,208.53961270955836,4.314950036607717,1.0351299900403839,2001.817586865317,1.810414325200825
82.47476077499046,317.0784332632994,1.5636968998990506,1.7032954711310595,1398.3861572027522,1.1571397117580624
65.96405149438166,494.7547746402069,4.08897907718663,0.7980735223012586,5183.139572965939,2.2248580573611485
60.44176936988819,426.18457138193367,3.8274293753904685,1.5935107520614809,2503.9732089982663,1.7608802442389206
121.70162773487566,129.61786069363615,2.4338629141770904,0.6738035892876946,1437.3452212023385,1.6648115077263048
129.04827407004748,349.3192507310232,2.3235920994105967,0.5953375254290354,6506.463303350275,0.7533665075299983
84.87858573725298,230.07332881069883,3.9184247133522563,1.4563362070328196,1634.4025483890025,1.5360105383768874
130.97701940610614,288.8859700647797,1.4783769837532068,1.5698671808344926,2083.3016264265343,0.3993567723006663
120.8628038893518,324.5108790277985,4.083868719818244,1.2406933945465861,3263.0119949009763,1.1596219787415902
101.81862635055953,271.0164073434198,1.1016765069763808,0.6618371404899567,1830.2317366507918,2.1848696979584448
62.51433485493874,354.56416450551217,2.2574239243053067,1.262856036747054,1567.494938036078,2.431646558137262
132.60531791408744,199.71689165954996,2.641531692142519,1.633326707814573,1502.919380206995,0.6920801317746701
78.3038532393298,130.7919639315172,2.159005811655072,0.7418319308810066,474.29584195072005,5.965603111117108
134.37581218740584,423.2481518257668,3.533615026041694,1.8071908852815766,2912.2082089869978,0.9781967735004041
124.29376615192916,174.62802355441434,4.570235993959911,1.3090133628734761,1651.7731982502328,1.3432949366318006
131.92886140987235,349.3192507310232,2.3235920994105967,0.5417980981929377,7123.283583359106,0.7597983400993448
133.35880620297425,184.93564427131048,1.7272998688284025,0.9726893790859417,1850.8728195614506,0.7362384431344445
60.654290222369085,426.18457138193367,3.8274293753904685,1.5935107520614809,2513.4479879929604,1.7504741899385312
139.92193745079226,418.29130831966984,3.3915999152443406,1.7127548247062472,3033.890023466218,0.9313892223985274
123.26301315374208,324.5108790277985,1.5023544981485637,1.249972967099253,2763.3392358625797,0.497943561875
85.00302850180435,266.86396737357944,3.533615026041694,1.4765637449356435,1897.3602810489583,1.3430111825483912
107.4116385398757,386.73958735370616,3.4060520821786557,0.7806727330910043,5781.1771066094425,1.0612266862010609
103.5955488854009,271.0164073434198,1.3977881046802698,0.7534401908817885,2173.7990637194853,1.564320947289487
132.60531791408744,220.67156543117542,2.6232346448629706,1.633326707814573,1668.518187344342,0.6777492287418347
89.963209507789,473.5783994389958,3.8841133093157056,1.65239048090777,3548.2901921071584,1.1074264125037658
122.13520774616978,414.07038455720544,1.798695128633439,1.2713516576204174,3844.152344240706,0.457850524637488
71.45676582739418,161.29706747509678,4.08897907718663,0.7980735223012586,949.0860660997171,4.741318967029717
86.79406444444948,208.53961270955836,3.4104952565903837,1.0283922728969785,1667.7885271004263,1.926838239590257
130.97701940610614,288.8859700647797,1.4783769837532068,1.934058129986084,1746.7737555206477,0.3546943774819763
126.59541126403374,184.93564427131048,1.7272998688284025,0.8767560420861653,1841.2539684921921,0.9362330685969179
89.963209507789,480.6205324869592,3.9279757672456204,1.3858344519700934,4254.98845258378,1.1418219000105763
124.29376615192916,174.62802355441434,4.570235993959911,1.2555197234725277,1718.9436828439304,1.3476649513177588
69.58539455957163,301.43683132276624,1.1375540844608736,1.9329055395026187,732.3457181359006,2.063822084101421
65.20412743882235,479.5542149013333,4.862528132298237,1.8826525474463063,2993.1213970802187,1.575112683772542
130.97701940610614,288.8859700647797,4.060151814775895,1.5674522346033986,2298.115272576073,1.1525861316877712
136.08532991376563,435.8747822675155,3.9184247133522563,1.8776876858174179,2879.680385722603,1.1150188447960745
108.0707279085444,116.06309920530339,1.1196933679338386,1.9239569526551539,351.8743939737326,1.4536677451623423
65.20412743882235,479.5542149013333,4.781693977923514,1.7125960221746916,3218.872530319781,1.6023151548170242
134.37581218740584,423.2481518257668,3.521560822891172,1.8071908852815766,2912.306526338438,0.9740004345647258
109.92085194242316,162.11506906198224,4.878338511058234,1.4227310276673886,1377.389172043652,1.5087916259764158
96.0520181425464,129.61786069363615,2.4338629141770904,0.6738035892876946,862.803821808911,3.4390533059003436
109.09872578226876,478.8672949485483,2.269841442505778,1.0495427649405376,5337.083626464029,0.642591773991507
134.89173602737628,457.93094017105955,4.296054688668848,1.8891264342155143,3003.284599639157,1.247534615836829
108.0892009394567,383.2290311184182,1.0798510061496636,1.570638254273922,2143.245523403798,0.6101589359226974
60.44176936988819,426.18457138193367,3.926643401052284,1.4918638891388,2632.284303579368,1.8511041841554186
132.60531791408744,202.21337495257728,2.788248534027419,1.633326707814573,1529.0046981530938,0.7346128268161095
108.78865549496321,386.73958735370616,2.757822328301192,0.7976069926371399,5423.068159456512,0.9037680859504141
122.61568281427708,480.6205324869592,3.9279757672456204,1.3958316311683248,4295.012125311435,1.1066752971790972
113.0369183778547,478.8672949485483,2.2704076439422964,1.0495427649405376,5430.932399184326,0.6144165747961411
89.963209507789,474.3179559069817,4.331573708197077,1.6449371849983978,3588.51687323597,1.2496838308256055
131.92886140987235,349.3192507310232,2.3235920994105967,0.7359800294763514,5568.830915713068,0.6571297439757372
129.04827407004748,349.3192507310232,2.246837179342738,0.7610066285767937,5301.844243147541,0.6550222374263227
126.59541126403374,183.56218915279638,1.380405362511111,0.7751067647801507,1689.8516318953232,1.1614730493524155
108.05307869588734,383.2290311184182,1.053970652744521,1.5588401905657465,2120.4012600506944,0.6270341455900544
130.03580402699183,480.2857225639665,1.4215441079317614,1.397987726295555,4055.1184146428154,0.3216813710665556
131.95123638524947,324.5108790277985,4.083868719818244,1.2406933945465861,3261.9455638090153,1.1603292390307465
106.01414140883989,381.4261761101516,1.1317889190311639,1.5395247107559769,2176.3114101235515,0.6353192345574191
127.87727536376588,191.3376401598875,2.6232346448629706,1.633326707814573,1419.9018857247934,0.7094315325506574
64.48938753659749,467.00536862543964,4.925552140951259,1.7223416801137572,3106.626576683217,1.664411865781807
108.0892009394567,380.73256389113203,1.0823379771832098,1.9719784932722848,1814.2988541984969,0.5062599162191936
133.51225827446845,457.93094017105955,4.296054688668848,1.8984236693315706,2990.330706113294,1.2462159401928876
89.4827271396532,414.07038455720544,1.798695128633439,1.2713516576204174,2940.0793163818325,0.9060191730994606
133.35880620297425,156.26312158071954,2.0588596411597524,0.9726893790859417,1606.9631988299816,0.8309390772618926
123.26301315374208,324.5108790277985,1.5017883159754597,1.249972967099253,2762.8931372137076,0.4979587215818565
65.96405149438166,494.014725744877,4.08897907718663,0.8055286139164631,5147.860266614186,2.212098057662136
65.20412743882235,479.5542149013333,4.862528132298237,1.6936211145034141,3260.595504156287,1.6277028772320659
65.96405149438166,494.7547746402069,4.3258280175249215,0.5103765620037093,6506.722659629894,3.167147843200105
107.4116385398757,388.1132849487588,3.617456667145733,0.7806727330910043,5878.130942506558,1.1106029014931031
123.29913539509752,324.5108790277985,1.5287594186630766,1.249972967099253,2784.4342392229246,0.4970858498925044
90.90263504495593,288.8859700647797,3.985449397016766,1.934058129986084,1812.015164519777,1.1863147490076922
120.84042880366691,349.3192507310232,2.469798597941901,0.533305092781481,6763.623723696718,0.9431823208802992
89.963209507789,482.4043304930627,3.9279757672456204,1.9193930832954398,3131.944034042034,1.1087511811978534
122.98100265831323,414.07038455720544,1.683064225695,1.261605965190488,3817.519576711175,0.4370057037637973
124.46044478075434,401.561775328701,3.533615026041694,1.5702679849956087,3191.028260176486,0.9712809482593698
107.41459051829155,383.3513127666139,1.0798510061496636,1.8075611537804206,1933.422001967568,0.5514567608212612
92.67662145690575,409.7057458316937,1.798695128633439,0.5135959793938925,4770.136673462023,1.877185242768539
125.6084819047687,414.07038455720544,1.6708732942319626,1.261605965190488,3851.614586633754,0.4198632423508988
131.03999975013414,288.09145899329394,2.3235920994105967,0.8203592338469992,4045.510463282094,0.6877774178292936
132.04431772872542,329.68474340646713,2.246837179342738,0.8157160648935162,4741.140783207503,0.6295786395515326
65.80524774676485,324.5108790277985,1.5017883159754597,1.249972967099253,1076.4030133395618,2.844329597028048
130.03580402699183,324.7784901126221,1.4215441079317614,1.252110232764724,2817.8708946478573,0.43597673728195474
112.05531490679536,478.9717759708699,4.289011868803845,1.0669898113558782,5605.302349531367,1.2276431540388213
129.04827407004748,328.89987024695,2.3235920994105967,1.405949706042328,2885.2671759490545,0.576439274586924
65.96405149438166,494.64223861311126,4.33850899507368,0.5128998689232385,6505.178143157824,3.154698484149962
123.14057568053123,349.3192507310232,2.469798597941901,1.10154570679523,3839.984052472091,0.6571117946089816
107.40355697189959,385.7466855033073,2.2575901496035167,0.7806727330910043,5037.761767154253,0.8794021481527615
130.9016994957393,288.7413573207044,1.5023256010275947,1.249972967099253,2513.7560862552687,0.4651613844961409
130.03580402699183,480.2857225639665,1.4215441079317614,1.2681533773083369,4414.837724756086,0.338275555202191
132.0674242941719,349.3192507310232,2.3235920994105967,0.7359800294763514,5572.054619732235,0.65617124428394
65.96405149438166,494.7547746402069,4.312898635254321,0.7980735223012586,5339.306298218942,2.2413021788549563
79.60846238393911,497.7235324037043,4.3258280175249215,1.2796982594572128,4619.273570339629,1.3552650017498886
120.84042880366691,349.3192507310232,2.5638126603158775,0.533305092781481,6866.413033991054,0.952303846992106
131.43132225285163,350.1137618025083,1.4783769837532068,1.8683764436973564,2236.7922935412685,0.3272196667820608
131.92886140987235,349.3192507310232,2.363247636888818,0.5417980981929377,7162.870447188023,0.765280526590647
123.4749949335964,494.7547746402069,4.08897907718663,0.7980735223012586,7735.445382090835,1.1609475705253987
123.26301315374208,479.9520800738714,1.5023544981485637,1.3958504606300837,4022.0261823088927,0.36309539600814156
90.94481297787375,468.45846917509385,1.9021064152066476,1.7063963151472925,2963.976049001285,0.6345215245558121
89.963209507789,475.01894673198547,3.9279757672456204,0.7010989023178467,7395.077122005897,1.4075261916931654
89.963209507789,460.8871818324768,3.871432331761588,1.6769159871202284,3399.884571654989,1.104802271449586
120.99898851823322,324.5108790277985,1.006229916862889,0.5382542937120582,3500.3470055044263,1.3818502072356869
108.79593733690051,479.85386308365463,3.406510069676386,1.0495427649405376,5656.03450613309,0.9445962061555432
123.33833306361471,324.6554917718738,1.8753398418688327,1.8248294449574418,2154.163013245423,0.4480835580395493
131.92886140987235,349.3192507310232,2.5515867822836253,0.5417980981929377,7330.582951411019,0.7954687134437276
129.1116592732639,349.3192507310232,2.4428429738583266,0.7610066285767937,5409.570168345859,0.6929236148132406
127.10555097792243,349.3192507310232,2.3235920994105967,0.5953375254290354,6422.057993052371,0.7764059107199016
63.19609605938021,286.5255338694146,4.3258280175249215,0.5310280270096828,2342.80984419336,5.441642482763976
119.15027791191417,478.8672949485483,2.415572478102133,1.0581053310277453,5540.917171283407,0.6200869251063063
129.15783108956182,348.51800256243484,1.4153021456065131,1.2681533773083369,3017.366685666702,0.41843515566384254
123.26453585889757,467.37651241327285,1.4716735326127408,0.8118750076807315,5970.219880593082,0.5247924168953179
133.90192199830358,474.5274719289631,4.02725477677042,0.5423372241068574,10892.68577385876,1.1447829520552502
130.03580402699183,348.40906294991424,1.4215441079317614,1.415427136174688,2776.5528885702147,0.38300668412230254
131.92886140987235,349.3192507310232,2.363247636888818,0.6259073716370605,6393.555197112113,0.7119410332238482
66.25596751666734,356.35320468882924,2.363247636888818,0.6091746632741599,2241.4256715632205,4.117618701439748
130.03580402699183,480.2857225639665,1.4215441079317614,1.4056044287961562,4035.7594749035943,0.3208252404312151
89.46169411352145,494.7547746402069,3.9320437522904896,0.5103765620037093,9611.71866994046,1.6519189602737703
127.10555097792243,349.3260477028138,2.3235920994105967,1.8763769998982052,2317.818325594253,0.5617156331345478
125.65470396479887,324.58448599014923,1.414913417743878,1.2519506507755334,2733.507875640001,0.47690799643555737
126.29373161068301,494.7547746402069,3.865745695274383,0.7980735223012586,7734.082807562849,1.0851016735697845
130.97701940610614,494.81830962748006,1.4783769837532068,1.5544947118689667,3853.455432126286,0.3086745883760273
125.6084819047687,414.07038455720544,1.6708732942319626,1.2498660943934348,3882.6645392630585,0.42173795919933665
125.53957293987473,481.04328921144264,2.1888021221398968,0.5953375254290354,9227.186699047557,0.6523182394841253
123.4734722284409,494.7547746402069,4.030021743689112,1.3820491140063325,4463.483711343638,1.1424516951429287
87.9605829747229,349.8015040497481,2.569116119820853,0.7005626734582971,3790.446969647757,1.6987968716912463
135.54641989895012,481.9296068255586,1.4783769837532068,1.8509314808791095,3206.071977114775,0.286612727643944
126.89348535532822,349.3192507310232,2.33753746712735,0.5491937925599746,6819.962926635871,0.8188425091663338
131.67874463550626,494.5848295609908,4.249842820917232,0.5128998689232385,12005.386911268075,1.2208226580219412
123.26301315374208,479.9520800738714,1.5023544981485637,1.2583994091422643,4393.753417439812,0.38405698216234496
128.07676744316717,288.8859700647797,1.4783769837532068,1.5079096502937457,2120.511265144253,0.4312809774513256
66.46613180623022,475.01894673198547,4.381347058929443,0.7010989023178467,5450.370366523897,2.5064874080438897
131.43132225285163,337.6205939120222,1.4783769837532068,0.5890199817375489,5227.041087370181,0.7371473921684948
129.98958196696154,420.0189092415547,1.3134896128082756,1.2617655471796785,3689.375425871735,0.3660162695951559
107.4116385398757,388.1132849487588,1.462043795932984,0.7865754111094196,4011.744085871363,0.9397968754476603
132.04914128666934,348.64194156475685,2.5638126603158775,0.533305092781481,7420.592684761065,0.8030304403766318
130.97701940610614,294.47662690156506,3.633931963281414,1.934058129986084,1897.9043760602683,1.0076499780278363
120.83560511572853,330.36205257273343,2.246837179342738,0.8157160648935162,4470.802583299608,0.731640759687809
92.6220168128108,475.01894673198547,3.9279757672456204,0.7031989300489676,7555.345708959556,1.349428356074806
79.05972292606113,338.4716631310419,4.004564429101608,0.5426370237185111,4456.39787188123,2.723457457486416
131.67874463550626,424.5413288285261,1.1994891910449106,0.5112933926175324,6923.187984130461,0.7574032338070664
121.10067816594847,479.9520800738714,2.541992423972091,1.2197136125868049,4884.606193169114,0.6412702758684178
132.04431772872542,329.68474340646713,2.246837179342738,0.8367157848246505,4639.93408407107,0.6233337535879939
133.90192199830358,474.8620948327372,4.249478710807248,0.5423372241068574,10909.495189773528,1.2189678961975459
130.97701940610614,288.8859700647797,1.4795498368031934,0.5451903020913759,4386.643501026365,0.9141136382214125
123.4749949335964,340.8943768926668,4.08897907718663,0.7980735223012586,5291.93986203778,1.1764255021145404
130.28031204191316,493.69917242491067,3.871648760741759,0.5103968817102559,11997.902464757093,1.0992158005024184
125.53957293987473,470.7978718433534,2.1888021221398968,0.5958386155272193,8986.419404556029,0.6590552477702895
132.04431772872542,344.24491315092155,2.8476102478132685,0.5354609195560223,7484.634969745868,0.8618066542264902
122.13788552219853,464.4649718807975,1.6884047684729884,0.7888366925175025,6365.442296160223,0.5481358475977529
108.6573008499386,478.8672949485483,2.360048348814432,0.8002936336066133,6696.997942090787,0.7510562626585843
130.97386899159363,294.5365031038558,2.3235920994105967,0.5417980981929377,5697.901479502166,0.8549828093965812
132.85093252814576,483.4533629853326,1.4783769837532068,1.8446152151449424,3215.860526550897,0.2911566019427526
128.27448086312276,494.0748595832357,2.479066039393924,0.5095381933905755,11326.135509291636,0.7212561837465353
121.52586401497541,493.9308099653449,4.537998281169252,0.815731342974849,7558.936243336833,1.3131617617956612
125.90781617136138,349.3192507310232,1.2427976461524044,0.533305092781481,4903.928342241223,0.9817769473221825
128.63394074312632,350.1137618025083,1.4783769837532068,1.846938287724453,2240.414530171954,0.3404505273137331
130.03580402699183,486.87566500353216,1.2111670802770969,1.2681533773083369,4226.872024755864,0.33554160224429297
127.4816926435282,349.3192507310232,2.3224193186541795,1.9726781842277856,2206.4393537948017,0.5600311851497835
131.43132225285163,492.01713441905815,1.2597986511395445,1.8683764436973564,3123.189796678683,0.25728485865581635
91.22670923498978,375.47894196472436,2.6242076462805506,0.5332847849507639,5158.649838295887,1.8282700556262006
135.54641989895012,480.98939478333665,1.4783769837532068,1.8518978253479088,3197.9354782462883,0.2866979784496963
130.77094568932128,494.63767440150434,4.375040400882096,0.7943296212890314,7766.213175913254,1.2597319032449594
130.03580402699183,480.2857225639665,1.4215441079317614,1.2476488977068931,4477.314915179777,0.3412871346562265
123.54708011637399,494.7547746402069,4.158643771451303,1.0473226536490865,5895.31563199239,1.1844338986957474
123.26301315374208,479.9520800738714,1.556489801976726,1.3950578768738522,4062.4241002339186,0.36984114701609283
138.9895359290947,325.94580705100674,1.4783769837532068,1.934058129986084,2042.0078737125298,0.30750741973357915
123.62995399609785,494.6492296520673,4.08897907718663,1.3660984488741252,4514.31252593676,1.1627505945267296
131.67874463550626,494.5848295609908,4.249842820917232,0.5075571367236911,12129.734021623168,1.221193507504356
135.54641989895012,426.6866928020435,1.4783769837532068,0.5936814427838187,7337.867751539658,0.5516401795448771
131.13172365311274,334.31900349693575,1.4783769837532068,1.934058129986084,2058.982865965231,0.33003233769185025
87.61808600502181,464.4649718807975,1.6430284096561774,0.5059191018058039,4927.118028699233,2.0821255318122325
132.16160488031903,480.2857225639665,1.4215441079317614,1.4088626925906391,4053.862737566394,0.31188855137981863
125.53957293987473,470.78770053300354,2.1888021221398968,0.5958386155272193,8986.186521831305,0.6590623977234416
128.27448086312276,493.7009232452219,2.3761670103311716,0.5095381933905755,11199.65766901175,0.7014497506148673
135.1788213975824,492.01713441905815,1.07313636111178,1.8683764436973564,2971.429980305798,0.2510063128888123
122.13788552219853,492.49998340617583,1.6884047684729884,0.7888366925175025,6842.526612621778,0.527129642462669
131.72841618164796,462.11148158081085,2.1958524173957636,1.8789315721205053,3067.7814875280965,0.5151448329102004
137.59980321195022,477.8996840112114,4.24984883071565,0.5423372241068574,10983.730712390461,1.2181960132867313
135.5090253055744,480.98939478333665,1.4783769837532068,1.8518978253479088,3197.7940120211288,0.2867548806064554
135.93407969573138,483.4533629853326,1.4775937392487588,0.5907793928540965,8642.627144772568,0.4996882917712933
113.1386943079356,478.8672949485483,2.7937105296299567,1.0495427649405376,5597.744015753862,0.7480231540740684
128.21137985768522,493.69917242491067,4.327905014774872,0.5076985131439002,12089.61224921259,1.2507022328823254
113.0369183778547,478.8672949485483,2.2704076439422964,1.0684039363480857,5347.373716854475,0.6106989306124203
132.91741655271392,467.2698429817388,4.02725477677042,1.8598190028894677,3118.033419144926,1.1515103150015955
138.62525825009345,485.29068325335004,4.375040400882096,0.7943296212890314,7606.997954062306,1.2634338310618418
123.9814519452893,494.7547746402069,3.9613828720701747,0.7985091164598067,7729.771736099344,1.1177835888982484
129.9416234408447,349.3192507310232,2.3235920994105967,0.7327245349720053,5540.621831624735,0.6729630451524037
123.26301315374208,479.9622513842209,1.5023544981485637,1.2583994091422643,4393.861176840257,0.3840523701717627
130.28031204191316,494.0731087629245,3.871648760741759,0.5103968817102559,12007.286195255667,1.099164007834788
131.4117221277773,486.87566500353216,1.2595865279185139,1.2681533773083369,4323.864079448926,0.32390661485496414
125.56881550592625,491.9376991925694,1.2527669892350892,0.5871170989375417,7487.036597997512,0.6652719877720067
134.07249656048708,494.71008139319207,4.24947270100883,0.5128998689232385,12016.386584321233,1.2192255842600237
133.93931659167933,474.5274719289631,4.230438765654085,0.5423372241068574,10901.195528583281,1.2125822612555475
128.27448086312276,494.0748595832357,2.4557657660015058,1.7816273174125243,3459.9365832908584,0.6035289971908825
123.54408215337857,481.04328921144264,2.270344002653289,0.5953375254290354,9221.68324877705,0.6837409965351358
129.58209834011583,312.11033346507253,2.246837179342738,0.6960112898199209,4985.403548469108,0.7194297614469835
130.97701940610614,494.75445724938015,1.4783769837532068,1.5544947118689667,3852.9172225137827,0.30868849374601787
122.13788552219853,497.40630941653956,1.6884047684729884,0.8319186240030536,6643.732461707283,0.5062363491920092
123.26453585889757,461.6769434388633,1.4716735326127408,1.8631587484334804,2969.864215014145,0.3194481041224375
134.0776247150355,494.4112624993684,1.504102473256389,0.5128998689232385,9816.706401377982,0.5663505834691663
130.019358500582,480.2857225639665,2.313380937235276,1.26574740595427,4723.036177777061,0.558580119020224
135.54641989895012,430.4451953984154,1.3811901417475976,1.875990696374159,2778.502320514084,0.274094363877291
130.22555756843414,493.69917242491067,3.8815225555527197,0.5025902587014588,12178.71854011445,1.1035639828950576
123.26301315374208,479.98735891500297,1.4567519135236084,0.537622845201291,8171.225596720778,0.7207823604562892
123.27867942578689,479.9622513842209,1.4057941992522955,1.2583994091422643,4296.0515344260875,0.3790349897733249
130.8127359026716,495.49412985284266,4.88748190516697,0.5110774197188317,12089.3879139624,1.435163057877277
132.85093252814576,483.4815047967172,1.1357986736271433,1.8444645857026658,2998.9741791929487,0.25714078185175715
128.32082378523188,483.4533629853326,1.4775937392487588,0.5069547081393581,9076.037058986383,0.6641618629900012
125.57927783810298,494.81830962748006,1.4783769837532068,1.5544947118689667,3800.499401531047,0.3269039561758627
130.28031204191316,493.69917242491067,4.009620907006391,0.5800227594204125,10599.638412494565,1.1381054560390582
134.26153752224093,492.01713441905815,1.07313636111178,1.9085607187547855,2907.771410847163,0.25147760655154444
130.28031204191316,494.0731087629245,4.20166405617966,0.5103968817102559,12040.1863236832,1.2064592172583826
128.21137985768522,499.284993612194,4.327905014774872,0.5076985131439002,12229.583073757158,1.2501159579036336
135.1788213975824,467.3758943698306,1.07313636111178,0.8285524569003611,5437.284777114725,0.4643798803268847
134.6571389522693,483.7521777373928,4.3804053623250585,0.5588259820308682,10792.8936578967,1.2622476763095931
128.2909263895326,493.7009232452219,1.484330698868538,0.5089572071784374,9327.855616320396,0.6500402886993727
132.14443373469365,494.5076271718306,4.2793002553162935,0.5075571367236911,12131.413774068635,1.2306176204380157
131.73349910898528,494.5848295609908,4.2399690261062295,0.5129297801725053,12004.385319506466,1.2174998271395678
128.27448086312276,494.0497392894335,2.5246701131373914,1.2658413890907467,4865.732086261342,0.6283119913103533
122.1222192501537,492.49998340617583,1.5564376009579308,0.7888366925175025,6622.235306866013,0.5249156039442039
123.54408215337857,494.36559232340716,2.270344002653289,0.5919186843947165,9571.7116627046,0.6767240156118484
135.54641989895012,480.96125297195204,1.3189681396722914,1.8520484547901854,3138.2462358108373,0.25478556157874815
135.82463459071172,493.69917242491067,4.327905014774872,0.5916769275342781,10404.27575704335,1.2440899843354882
125.09828270854656,481.04328921144264,2.1888021221398968,0.5953375254290354,9204.891615241246,0.6563193511852229
135.57830710520986,411.4215688123326,1.4783769837532068,0.5090177693247538,7796.976302251547,0.6422043312038057
121.12306263738758,494.0731087629245,3.4007007851011566,0.5103968817102559,11668.160920981232,0.993720203698172
128.21137985768522,479.43030029332226,4.327905014774872,0.5076985131439002,11731.464195993934,1.252377640613779
123.4817484291823,494.33732001272267,2.2669379245146812,0.5095758812026996,10761.256058276944,0.7309530472589159
135.54641989895012,436.5694332802619,1.4783769837532068,0.5936814427838187,7555.082400760331,0.5419368977884979
134.1127614301288,492.12097562860856,1.0746403744594812,0.5237888439876326,7962.51453723577,0.6662423317477777
130.28031204191316,483.71930007209096,4.039917751273133,0.5136344960180137,11695.332706935103,1.1544145912537584
130.03580402699183,480.2857225639665,1.4215441079317614,1.2435871203610076,4489.893259241035,0.34189797832171015
128.27448086312276,494.2115336805384,2.3761670103311716,0.5095381933905755,11213.323619038149,0.7011338055658498
128.21172902866195,467.3758943698306,1.07313636111178,0.825672323670716,5176.644239637746,0.5434546606395718
132.94509663717758,493.0340841868886,1.0694526549168963,1.9085607187547855,2896.9589077429887,0.25734327526961526
128.27448086312276,493.7009232452219,2.271196126067876,0.5004491809635156,11225.520446616574,0.6890551178343974
129.91853258283336,493.69917242491067,1.4720031602790917,0.6601900202633674,7824.321274426368,0.5115053624431447
122.99555480588285,494.0731087629245,3.4007007851011566,0.510313428609757,11736.016490452528,0.9825192942101055
135.1788213975824,491.6364305730267,1.4385562750176493,0.8577769390216048,6472.513452230817,0.3878358276729882
135.4264442749765,479.6383242114046,1.5023544981485637,1.249150117071105,4608.482896009363,0.32848541676059795
134.26153752224093,494.5391875371391,1.07313636111178,0.5312526668943813,7944.485359892073,0.6539036370311534
128.27371358188145,499.97260654991044,4.3312997102736395,0.5901285556854271,10561.236444080852,1.2458636055886658
132.22822203563305,484.5554072582624,4.2793002553162935,0.5075571367236911,11883.897118505189,1.2312492250867406
135.14368468248912,494.3074212898179,1.2638699761301042,1.8772944184094063,3157.3780852020486,0.24497536986371113
135.93407969573138,496.63972343145105,1.3123059741703575,0.5812785782015756,8552.740499765987,0.5118678165708229
132.16160488031903,480.2857225639665,1.4215441079317614,1.4129244699365247,4043.4731798896937,0.31147850782341563
121.12306263738758,494.0731087629245,3.484167380277349,0.5103968817102559,11708.026887661603,1.0163311790334097
135.24157307731565,494.0748595832357,2.479066039393924,0.5145565271801867,11528.854754215918,0.6745093137853305
134.16737341320913,483.4533629853326,1.4821388701196931,1.8446152151449424,3222.666919632402,0.28973385329073065
123.54408215337857,494.36559232340716,2.375314886916584,0.5919186843947165,9685.99122102514,0.6955044279531846
135.908199176656,426.6866928020435,3.8782260479110695,0.5936814427838187,8944.744956518622,1.0944170213694728
136.23909766888843,494.4112624993684,1.504102473256389,0.6705460627544475,8128.58156112054,0.44694782657253634
125.12462874488735,497.78698237045023,1.736098048400441,1.9143815320929045,3221.4176989143953,0.3674013390794752
123.01534852046812,467.6998215426258,1.07313636111178,0.8285524569003611,4942.182883091793,0.6121570067946805
132.14443373469365,491.9855740537496,4.2793002553162935,1.9264229781400577,3165.3111624810795,1.2409574587984848
123.54408215337857,472.4334648308916,2.1465021744416224,0.5919186843947165,8910.848700023773,0.673908980193257
128.27448086312276,494.358277603752,2.3761670103311716,0.5095381933905755,11217.250935715487,0.7010431684526237
134.05944820770216,467.73249350499066,1.0833603596771524,0.5043309188226096,7653.096065263194,0.7157573132182747
124.06884402361115,494.0731087629245,3.4007007851011566,0.5038413349079396,11906.947199998325,0.9791607199222577
135.93407969573138,483.4533629853326,1.4775937392487588,1.8664162167852736,3192.404758801063,0.2851820102179786
132.145420802008,494.20387378526186,1.6884047684729884,0.8366191486665008,6896.686880282908,0.4335683916533758
135.24157307731565,499.03471953403306,2.479066039393924,0.5145565271801867,11657.786173881404,0.6726141729020891
128.21137985768522,494.12956485530395,4.95380840830385,0.5703882840794723,10807.274274644338,1.4567279334816883
131.0085298951245,494.3074212898179,1.2638699761301042,1.8772944184094063,3125.158909919001,0.25780640124336485
120.19762787240356,480.00672610210785,1.4734049369512783,0.510313428609757,8220.59608830462,0.8101541128534874
136.24679937394532,494.4112624993684,1.0695480463440192,0.6450855485185054,7051.02430768779,0.5326131951932537
132.42040749471906,493.17630508023825,2.353191073713225,0.5074772349151763,11410.77384045882,0.6666409906573088
135.19699790491578,496.415507223073,1.4939384028422447,0.9684726304928754,5981.665420771267,0.36323331735545156
135.4264442749765,479.6383242114046,1.5023544981485637,1.2553138114595837,4588.050516307675,0.3278498478533529
135.14368468248912,494.3074212898179,1.2638699761301042,0.6210224245297048,7900.500029574465,0.5039537830842874
122.13689841145644,497.7100626360805,4.2793002553162935,0.5071732874368019,12128.926491265187,1.2472192874838093
130.97701940610614,476.72368236726635,1.4783769837532068,1.5544947118689667,3700.7817282629753,0.31283179779015907
123.54408215337857,499.92320600636555,2.270344002653289,0.6269563053907692,9253.110906082158,0.6559397313922781
134.85635819717442,499.284993612194,4.374202508983414,0.5076985131439002,12256.998822525242,1.2609089342665394
131.66301428275293,493.70469225792834,3.4297267664822786,1.249150117071105,4925.786457598423,0.938174262539956
135.17111969252554,467.3758943698306,1.5077940762227835,0.8285524569003611,6378.4869082083005,0.4121065436423465
127.99850710309141,493.6801749068879,4.1973003542495455,0.500545844756328,12242.763428674962,1.2093972229613197
121.6799813150294,494.0731087629245,3.468876024746951,0.5103968817102559,11720.487403692332,1.0088078389831476
135.4264442749765,496.8810258613812,1.5023544981485637,1.3007890454310929,4616.571765780128,0.31929641314370616
135.1788213975824,477.24470564700806,3.3102870336988817,0.8285524569003611,7181.830213630303,0.8965129205575912
123.4373376044008,498.51264367668296,3.871553065134631,0.5724376928590503,10779.404939676688,1.1035563838689506
135.1788213975824,470.69969589835324,1.07313636111178,1.8683764436973564,2826.9730515632623,0.25795839252248126
128.27448086312276,494.0748595832357,2.479066039393924,0.5010508494545713,11485.6768664639,0.7260975520167846
135.93407969573138,479.3941876733168,1.3123059741703575,0.5357356397460576,8662.830945592654,0.563294173556566
123.45474034508764,494.0731087629245,1.1774764840386192,0.5033739147540841,7793.894668549776,0.8334997579637974
130.22445688873267,497.6867088553313,3.818663541698521,0.6223121547764244,9961.19017421807,1.0723531474752637
135.56137780444075,491.6364305730267,1.2770036872557946,0.8577769390216048,6182.122369318094,0.3892028641955383
128.02274269552962,494.3074212898179,1.269739118106053,1.8772944184094063,3102.8313035141,0.2689762569998096
130.40484159826633,494.0731087629245,3.678552648618154,0.5103968817102559,11979.871679624819,1.0374984727010603
135.14634393458203,483.4533629853326,1.4756132840393463,1.8664162167852736,3189.034931409259,0.2858543145833896
134.7864101657849,494.30665903301,1.2638699761301042,0.5158828146693184,8980.877493461578,0.592647346814237
122.70737485778784,497.6949873267894,1.1484940486438533,0.510313428609757,7616.482533472739,0.8484450076001323
135.93407969573138,493.9310902328425,1.4838838637818579,0.5090499588832135,9931.806029475354,0.5499794032854617
136.22446920985297,493.17630508023825,2.353191073713225,0.5101501452771635,11522.586236005956,0.641826705529508
134.08334504481832,494.4018397024618,4.9567323102094125,0.5076985131439002,12143.967929334958,1.4586294721077078
131.77906559284014,494.40927517930663,1.4783769837532068,1.6228641394085266,3706.315822934447,0.302231459033423
126.39756223653777,482.5864947455279,1.2153031285460312,0.5076985131439002,7915.254373160856,0.767763216445325
134.325450348631,494.3476724696513,1.4939384028422447,0.9776244641246059,5886.091340129236,0.36668187539376995
132.42040749471906,493.17630508023825,2.353191073713225,0.5373992084663912,10866.58622187686,0.6526634918631413
126.267680379418,480.2857225639665,1.3449010590639856,0.5868546712402685,7606.263585008834,0.6433051333757467
135.24157307731565,494.0942347087773,2.2349271661707864,0.5135020213607695,11320.677539453944,0.6204650626578679
135.17111969252554,468.2880949205945,1.555754638602069,0.8285524569003611,6460.037394851843,0.41488103167320145
135.17611297350942,494.4112624993684,1.4982333313104506,0.5035293448134961,10011.920330632107,0.5619390358817019
135.75715875762126,496.8810258613812,1.5023544981485637,1.3007890454310929,4619.964878569438,0.31832776428711484
135.95885545367486,474.71100101475685,1.5097745314321958,0.8285524569003611,6523.048449720258,0.4032264142969113
135.14849966119786,494.07562184004354,2.479066039393924,0.6197302396489843,9739.658936674554,0.64574622655815
135.71597299193084,493.96433335223895,3.3396504433509087,1.8683764436973564,3283.096389651593,0.9142966181823727
130.13228592972393,483.2231946317685,1.6104900680005205,0.590740949893998,8617.171861180814,0.5572403607357439
132.4350359521368,494.4112624993684,1.7566026686095848,0.6685217060557895,8427.344825390228,0.4942858481973548
134.85063786739158,499.2930183409184,1.504102473256389,0.5128998689232385,9998.22160632778,0.5531023483466098
136.05923623815968,497.039488337859,1.504102473256389,0.6705460627544475,8172.678909398675,0.4467908470581547
135.39050521809264,499.56853345312936,4.2121771126565,1.8683764436973564,3310.0588730311865,1.220496293069206
135.19505790127883,478.03880618302776,1.02711455460133,1.8678374986878805,2814.4704548597842,0.2657820951071504
128.2909263895326,493.7009232452219,1.3875043785687353,0.5089572071784374,8994.209362026619,0.6667493691386308
131.64681753663228,494.0731087629245,3.4007007851011566,1.3393464088344567,4596.1954043878495,0.9287981584041318
135.47459575311672,496.620348305864,1.3123059741703575,0.5823406164403784,8512.30274971072,0.5162193226170471
135.24157307731565,498.39032856699237,2.7120990234842774,0.5145565271801867,11789.866953561268,0.7333011477093099
136.00059514906755,494.4112624993684,1.4589539718569298,0.7375792566911268,7436.501909878707,0.4205333373223965
117.66911505905728,496.8833835069101,1.5050107602355733,0.5025902587014588,8561.950914245144,0.8422811064202428
135.14368468248912,494.3074212898179,1.3309022821530172,0.5418713188995363,8952.358592650933,0.5502105293949846
132.16160488031903,480.2857225639665,4.4817453176324955,1.43801167871224,4149.510655192779,1.3049919715886769
135.2243878006488,483.4533629853326,1.4775878842864056,0.6138808860795401,8356.949778874792,0.4925883871875186
132.32302613218712,494.20387378526186,2.050114730561873,0.5137540828741368,10918.086627623523,0.6103858722769759
135.1788213975824,492.01713441905815,1.0344243590595643,0.5283797902221188,7796.710608866826,0.6660692091844149
124.06884402361115,494.0731087629245,3.4007007851011566,0.5001585817771756,11986.084541115351,0.980569839636268
135.14368468248912,472.06466776272805,1.2638699761301042,1.8772944184094063,3002.9663360573286,0.25008829325736376
134.85635819717442,499.284993612194,4.374202508983414,0.6097678528395889,10210.713628533986,1.259709554291052
134.9324998780671,499.2930183409184,1.4886511952966115,0.522747504998192,9819.590715622922,0.5451632991660467
131.91070666782673,494.0731087629245,3.678552648618154,0.5103968817102559,11997.505816533097,1.0345044145799283
135.17882870853887,491.6364305730267,1.4988820027865213,0.8331524085178434,6724.843645006724,0.3977945855122126
131.40398751733963,493.68441160167316,2.2613628790195777,0.50319187072189,11344.05753530395,0.6586233828061961
138.892257391704,497.039488337859,2.366459986221714,0.5062343375313854,11811.240306391495,0.6314378043590262
135.75715875762126,493.69681477788316,3.878997763527475,1.3007890454310929,4718.930063735417,1.0967217689109787
135.93407969573138,493.9310902328425,1.4838838637818579,1.8644403948558557,3269.3118320621047,0.28567822660573305
134.85635819717442,499.5966738652029,1.3176325424660669,0.5076985131439002,9428.309784370877,0.5819315195687907
135.90668979999833,496.415507223073,1.493944257804598,0.9063336531550432,6348.347166308537,0.37255806719943313
135.06396774712908,494.0942347087773,2.2376709665060894,0.9364681074552847,6533.835347208384,0.5405113121822206
135.24157307731565,499.03471953403306,2.1258457883134576,1.8720637353750105,3323.7004909037596,0.4918437245712532
121.18187869491214,494.0731087629245,3.4007007851011566,0.5038413349079396,11804.699924388335,0.9962998582798622
135.24157307731565,499.42960946541973,2.7696169849949204,0.5078119928464674,11989.84960809078,0.7507285847388254
135.97737422748415,497.039488337859,1.504102473256389,0.6705460627544475,8169.00267610141,0.44744175825307414
135.75715875762126,481.59916075187675,1.5023544981485637,1.2116579308293691,4762.14601133519,0.3308168442629364
137.86965491286156,492.01713441905815,1.07313636111178,1.8683764436973564,2996.464918235172,0.2405576997201026
135.17610566255294,494.4112624993684,1.4379076035415785,0.5324162810484481,9430.273798694829,0.542997674805053
132.85366128208346,494.10899553201483,3.9908146230150394,0.5129007124792258,11982.63886979006,1.1341796528848174
135.24157307731565,498.8987817971424,2.7120990234842774,0.5324007384466397,11439.27946681152,0.7283107429953785
134.16737341320913,483.4533629853326,1.4821388701196931,1.8439352192563927,3223.7959284117005,0.28975762084740436
135.6772556916835,480.9856499077419,1.5023544981485637,1.2116579308293691,4754.461843344927,0.3312695032960601
135.16552274922643,496.8810258613812,1.5023544981485637,1.2874124929582058,4657.577762571498,0.32126768107692283
132.00260181577713,497.039488337859,2.484765476628741,0.5062343375313854,11650.744617661936,0.6963779001671259
136.0275897278527,498.93670613610107,1.4589539718569298,0.7375792566911268,7518.995096477719,0.41780874780398464
132.03322127994937,480.2857225639665,1.4248686330659968,1.4088626925906391,4054.72956408278,0.31279889062051375
136.07309655538958,483.4533629853326,1.4776182627012429,1.8664162167852736,3192.9009180158946,0.28499084517170903
130.22555756843414,493.69917242491067,3.630094665882372,0.5025902587014588,12136.544829179767,1.0241807883651677
135.22533519086477,493.9409629817691,1.4838838637818579,0.9694488624290023,5931.512215438415,0.36284938981136755
135.86262271307254,491.6364305730267,1.6162206088725528,0.8577769390216048,6727.879241407745,0.3996499608938562
135.9107975087829,494.3387810067764,1.4589485655709662,0.7191743093131153,7583.544364887069,0.4284250454555201
135.9360622692418,493.31856877933984,1.516412810266338,1.3007890454310929,4593.7961013389395,0.32127666373932495
135.59952526768083,499.284993612194,4.374202508983414,0.5540446120764564,11236.245606013697,1.2599937512890638
135.24157307731565,494.0942347087773,2.3114971673998403,0.5135020213607695,11402.085076849324,0.6364247603161955
137.94955797471073,492.63064457191973,1.0773599926223953,1.8683764436973564,3006.786282404953,0.23941947636721525
135.76774167094774,491.49431652267475,1.4379076035415785,0.5491865684771131,9190.18756352259,0.5259067339598992
138.79906718117613,494.0731087629245,3.157317078074817,0.5103968817102559,11984.510869823845,0.8573581303523141
123.78551836981046,488.4434614785662,4.374202508983414,0.5076985131439002,11918.894041577685,1.2745547147694622
135.17611297350942,486.7805497879743,1.4982333313104506,0.5035293448134961,9814.307578000598,0.5687949773052201
134.3439583927917,491.6364305730267,1.2852714670174163,0.8331524085178434,6301.5830484126645,0.40644231936067376
135.22079132480528,496.415507223073,1.4939138793897608,0.9684726304928754,5982.1621495229765,0.36311120304096484
136.8368912736513,499.42960946541973,2.7696169849949204,0.5078119928464674,12028.672182844874,0.7450794591143167
131.91070666782673,494.0731087629245,3.8857025796671256,0.5103968817102559,12023.435004337794,1.101165395128044
135.90574240978236,496.4056344741322,1.4939384028422447,1.8632602890165915,3290.413882480974,0.2881142378690469
136.05923623815968,497.039488337859,1.733813302927494,0.6705460627544475,8568.625013543564,0.4646073136587407
135.996487440283,499.5346750306022,1.4912040071809656,0.8895494574370824,6495.393744252985,0.3743747662406939
135.98965924924943,497.24263189315,4.1973003542495455,0.500545844756328,12376.19974652396,1.2013497777190973
137.86965491286156,494.8501037360941,1.3027909228094288,1.8766624968050203,3201.9798398302596,0.24305430029785527
132.32302613218712,490.8195960988479,2.0500717261674533,0.5088054004265463,10912.464038034948,0.6157281198366957
136.05923623815968,496.7967039786774,2.0384628090165013,0.5149308344999004,11152.584566241338,0.5768880744631749
132.32302613218712,494.4466581439066,1.5157543952414343,0.6695547383350466,7979.298680017582,0.4808923831317378
130.95323940913343,493.26502987067613,2.79127927584525,0.5025902587014588,11820.718296093923,0.7797381018515465
138.05323042166356,495.2380522545937,1.4387019919594723,0.5029094543790005,10061.073026342148,0.5340054996777078
130.22555756843414,493.69917242491067,3.8815225555527197,0.5429482058176522,11299.265199900643,1.0987610403427563
135.76880801603377,496.9088843511693,2.0241072567406286,0.5470364108003143,10574.329308524098,0.5606142424425283
134.8714632882986,466.1495417014226,1.5087939627048599,0.5090697915664419,9219.36708718664,0.586311294819743
131.69884912047968,475.7960387921637,1.6694008342308695,1.4088626925906391,4131.816862606848,0.36141856436189435
132.5831621249036,483.39328838042877,1.4838838637818579,0.9694488624290023,5724.779625748185,0.38190552518610893
135.9133464994862,496.415507223073,1.493944257804598,0.5621172936073073,9316.779111382963,0.5079109839005831
136.05923623815968,496.7950411635352,2.0384628090165013,0.5149308344999004,11152.540806014274,0.5768889836341654
130.22555756843414,493.69917242491067,2.755553683343,0.5025902587014588,11781.399693114861,0.7745582790320767
135.19127807951773,494.4403562517432,1.4982333313104506,0.5035293448134961,10013.811020499897,0.5617360749734932
135.86262271307254,491.67067474211973,1.6162206088725528,0.8086469348958123,7077.410542660817,0.41145777095590613
135.22509230242602,494.3000977681884,1.480049144810727,0.6668621154458813,8063.679217308637,0.45689760238518234
135.75715875762126,474.75821397052505,1.5023544981485637,1.3194431157149418,4340.072511769636,0.32190731551551804
139.56816635882592,494.8501037360941,1.3042692531245625,1.8766624968050203,3211.8631377169177,0.23974758629015797
136.63311640251473,497.5016304530799,3.6084323750306533,0.5078119928464674,12174.503561269721,1.0050788295942967
135.17611297350942,494.4112624993684,1.4974389428925567,0.5330794098540592,9602.986628981287,0.5378620903184408
136.27895763442137,492.63064457191973,1.0773599926223953,1.871632051955364,2986.950149177516,0.24547820270432433
137.1245105784459,491.3821353718753,1.4522631608387881,0.5098225392686674,9840.998749185841,0.5406570367445802
136.05923623815968,497.2394388241804,4.192844466102873,0.6649456657393612,9323.417423990839,1.1981416259584674
135.88923706703085,496.61442472247944,1.4775937392487588,0.5907793928540965,8933.60080202826,0.49034112223890536
135.76108497145984,491.49431652267475,1.1260764751685004,0.8935090526668623,5632.754082600687,0.40048791270693257
138.892257391704,497.04115115300124,2.366459986221714,0.5062343375313854,11811.284131770444,0.6314372089628334
136.8368912736513,499.42960946541973,3.8955858564382186,0.5078119928464674,12244.7151830667,1.0995614982414295
137.93439284758253,492.60155081954485,1.0773599926223953,1.8683764436973564,3006.4532058174714,0.23948356195411735
135.98965924924943,497.2083862188756,4.1973003542495455,0.500545844756328,12375.339466548114,1.2013511855608088
135.08253833986223,490.1288761096721,1.7376480218987147,0.9731328576276718,6077.848902910388,0.40437231098291876
133.50814386105253,494.0942347087773,2.2349271661707864,0.5135020213607695,11239.925878084377,0.6321042032772825
137.7244998535093,494.3387810067764,1.457470235255856,0.7179276229787002,7663.458962928981,0.41542160730647504
135.98965924924943,497.94617898084704,3.871323083705378,0.500545844756328,12377.519794868269,1.092618944364375
137.7244998535093,499.75751178662574,1.4597322476286263,0.7392214850469221,7585.742728798864,0.40481724529943675
137.35709206358743,495.2380522545937,1.3836004338634773,0.5029094543790005,9819.719930092559,0.5481598036958771
135.9133464994862,496.415507223073,1.496302987486362,1.8283242371860284,3351.3924240765805,0.289684227276099
136.00871573132454,497.5016304530799,3.6084323750306533,0.5007772576779592,12336.939978456374,1.006474013396436
135.94202167068272,493.91221977397964,1.4746417353196228,1.8644403948558557,3267.1137655996476,0.28330138491124796
133.8540117459089,492.74263644523955,1.0773599926223953,0.8570166532547079,5625.554290693018,0.44447508263694024
135.75715875762126,496.7962874763553,1.4847300644500723,1.2904785811764925,4642.124699893093,0.3160641172559881
136.8368912736513,499.7937513889346,2.7696169849949204,0.5035834614934485,12131.632336642519,0.7460699116250339
128.91464997110552,442.47422792972066,1.5023544981485637,1.1663365810899127,4370.4420745363295,0.38404126201856875
130.617804868583,492.8010949505755,1.6162206088725528,0.6392730239953738,8359.713439171082,0.5149998295846939
131.97158833179964,491.4137811168149,1.4248686330659968,1.4088626925906391,4158.123197269069,0.3098172117815315
136.64520813785145,497.50794684437176,3.6084323750306533,0.5078119928464674,12174.739435926936,1.0050654431891
136.04252446097655,497.24263189315,1.1358656386363228,0.5774931452230818,7951.673105494248,0.5573739664776921
135.98965924924943,496.5960955584992,1.3804183842752904,0.500545844756328,9772.183931512247,0.5659419051855011
135.75715875762126,481.59916075187675,1.5000924857757933,1.2555144666994345,4610.323231984556,0.3258237421710968
135.98965924924943,478.33357413653636,3.927311272132024,0.500545844756328,11885.37568186404,1.1126110466179355
137.94955797471073,492.63064457191973,1.0750597793046102,0.6058908247731781,7458.111133230864,0.5396933384263354
136.61405992043964,497.24263189315,4.1973003542495455,0.5075922339945155,12206.903849396565,1.2008972531571722
134.82223584164174,497.0583587939945,1.743055431389948,0.6705460627544475,8535.40281859033,0.47378152504913906
136.0817078234158,493.9531490830826,2.2349271661707864,1.7757552371683532,3467.6077429121406,0.5294102449875375
136.05923623815968,496.88144236370334,2.0560872445848526,0.505630147116467,11350.234770174568,0.584698325934107
138.892257391704,497.04115115300124,2.305186362396065,0.507794549560825,11727.170278468302,0.616301750073517
135.94009900910817,496.7537245895144,1.733813302927494,0.7158702374664516,8099.152575331703,0.45056911203717986
139.9633453206505,498.4351192054409,2.7696169849949204,0.8147439203771716,7621.2360855574,0.7132697265020802
136.09597992405082,496.88619664245033,2.2244715118643517,0.5149308344999004,11392.890645204825,0.6110282052050527
136.04714450282296,497.0331719465671,1.504102473256389,0.6705460627544475,8172.011167246524,0.44689065112001136
137.8966927625694,489.8588305782635,4.163521384976651,1.81077089727754,3347.3351674709393,1.204835658038865
137.33822051390723,493.9409629817691,1.5240137316957891,0.9694488624290023,6019.289789384682,0.35745157936137645
135.88923706703085,497.9645081448199,4.241313937831881,0.5907793928540965,10509.921860135606,1.2145455224921191
137.5876964971219,495.2380522545937,1.4387019919594723,1.8902151173894826,3230.5349631372687,0.27115433535611344
136.00871573132454,497.5016304530799,1.4655557560633283,0.5007772576779592,10088.923518476377,0.5545684790404473
135.6857820925854,498.34329360620876,2.366459986221714,0.5062343375313854,11728.522455891965,0.6472496054691071
136.097419587355,496.88619664245033,2.189225883650756,0.5149308344999004,11353.18949976597,0.6038988660329764
135.75715875762126,481.4984146413304,1.5023544981485637,1.1362273217328762,5042.663201141909,0.33993613238571857
135.90555157609077,473.97024756130855,1.0773599926223953,1.6166173011789169,3244.0559743517197,0.277365794390876
129.841493718816,497.01653078052334,1.6134111810703375,0.509973761362027,9922.065190640726,0.6125616300749256
136.0845170631186,499.95521731531363,2.7696169849949204,0.5035834614934485,12117.600818556139,0.7486558886181691
135.90668979999833,485.9908617075842,1.493944257804598,0.9063336531550432,6195.272420720928,0.37693474056550874
136.05923623815968,497.039488337859,1.686280547861497,0.5052335098053904,10645.291064255629,0.5458890000196562
135.81483581392325,481.88201514389596,2.517147883970825,1.2025555800952012,4996.049991818881,0.6256134863818249
136.38404061216522,493.9409629817691,1.5240137316957891,0.9694488624290023,6000.392757920689,0.3617253365535777
135.91333860758033,496.3283655971617,1.6186359558285497,0.5098281213721207,10371.410800929278,0.5431073714853462
135.98965924924943,497.94617898084704,3.871323083705378,0.5004776551732013,12379.177732475166,1.0926237587447132
138.892257391704,495.279024651819,1.4393303115439506,0.5062343375313854,10075.418826138612,0.5221494024267558
131.77906559284014,494.40927517930663,3.621380417710246,1.6228641394085266,3789.2347391026738,1.0077296213115376
139.09560242884965,495.5580583258769,1.4775937392487588,0.5936456526368551,9052.462583219343,0.4605656318344014
133.2454991983987,497.9284703856752,2.7696169849949204,0.6205096741201146,9880.417522992999,0.733426055170176
138.05323042166356,454.08793888715394,1.4387019919594723,0.5928635434614579,7987.164356919295,0.5029408205182315
137.7244998535093,499.75751178662574,1.3940699847628881,0.7392214850469221,7454.065964161981,0.4042568035209502
137.95735289723535,496.82566029789825,1.493944257804598,0.5621172936073073,9449.80189675688,0.48791798818426224
135.98965924924943,497.96913653818257,3.762128692709668,0.6749815646621987,9198.62564937481,1.050897305407753
136.81161044869236,497.039488337859,1.7983515604073579,0.6705460627544475,8679.48971298004,0.4693844647151979
139.69408714193577,492.63064457191973,1.0773599926223953,1.8683764436973564,3021.9738750448764,0.2331925097715026
137.6601747224729,499.7937513889346,2.81714983326703,0.6677580306048188,9293.082248824167,0.735305420328092
136.7792142173493,499.03684727258985,1.5606329122650777,0.5239729732208593,10132.207532653618,0.5220572293783853
136.09597992405082,498.92115504114224,2.2244715118643517,0.5149308344999004,11446.200300756982,0.6100923241104469
135.8626306049784,499.2260121541924,1.491528910848601,0.8414237772480326,6799.314739145641,0.3872957833882973
136.64520813785145,498.84030105876815,3.6084323750306533,0.5079034047345528,12205.925458499261,1.0049375977368031
138.05323042166356,497.0001787557738,2.418726133291271,0.5199739068925252,11543.427771831006,0.643488467743629
136.06807534226775,496.3906208327239,1.4862145391066421,0.523654518551101,9807.173833635572,0.5344611817535734
137.30019859944713,499.48768700573584,1.5240137316957891,0.9694488624290023,6094.455130331197,0.3557656122099424
138.84269132625576,484.84663129636806,3.871323083705378,0.5968205672342498,10125.852135409576,1.0888850753135961
132.05747453814644,491.33822033449843,1.0867097712885938,1.8683764436973564,2953.1181364693134,0.2621738796707201
135.97379839516407,498.47868357515364,1.509374627391565,0.5052335098053904,10186.628160714488,0.5471611275892168
139.09560242884965,436.67299311308756,1.4775937392487588,0.5936456526368551,7742.971206233829,0.5046607001772344
132.13859157420654,494.40927517930663,1.4783769837532068,1.6675988010132272,3616.22510819965,0.29887120345861673
135.75475726293953,481.4984146413304,1.5023544981485637,0.5057764635516289,9701.893720945647,0.5645017227802828
135.99150093595745,497.1332878765113,1.504102473256389,0.6748945066161848,8129.678355268622,0.4453453062654891
139.69408714193577,488.44431217858784,1.076384798344548,0.6469546284488373,7132.704583479029,0.4955462306551094
137.95735289723535,496.7964356010136,1.4949339472619643,0.5066814557982368,10219.186376567042,0.5267361934730657
136.64520813785145,494.3483070822098,1.3606745216075973,0.5124598149801172,9532.750123165006,0.5523460522246229
137.7244998535093,494.28393436514693,1.5884529102156153,0.5047912161770811,10438.098805862373,0.5301073949023783
138.892257391704,498.756975724599,2.350576556599117,0.5062343375313854,11843.516595441319,0.6269847087287772
136.7792142173493,499.03684727258985,1.5606329122650777,0.5890609554293571,9261.999702315487,0.4810919112510027
136.8749131881114,493.87483540068666,2.7696169849949204,0.5078119928464674,11885.838085547603,0.746407633522312
136.03922029819023,497.9497840472079,2.366459986221714,0.5051270433897423,11754.476846779262,0.6459150169233926
139.57069796661972,492.70620535423626,1.4155330485308297,1.4088626925906391,4239.78183383607,0.28469492346354136
138.04279073786978,496.82566029789825,1.6708501782745309,0.5412561551153162,10171.50634385299,0.5036462684786154
138.53142269139744,486.4030223641129,2.305186362396065,0.5069144409344605,11450.833105095306,0.6226896204727003
135.87386458463698,497.5016304530799,3.6084323750306533,1.1500662902066066,5385.782688039278,1.0013113604241937
137.3368273115222,497.94617898084704,3.871323083705378,0.5003431388763223,12388.033871013928,1.0916902594833504
136.05923623815968,497.6543811118382,1.457788434613842,1.890738357009011,3245.48216311272,0.2777156712458046
136.05923623815968,496.82592867556195,2.0374731201067404,0.5661424277808037,10298.953145988737,0.5528633368631454
131.77906559284014,498.9010928309081,3.6337463917326334,1.6447090750233944,3772.143624200193,1.0123552222628012
138.892257391704,497.09599779356734,2.2593216377583083,0.7157828692744559,8542.26479582019,0.5584614461410098
136.05923623815968,443.7680009181204,1.70216397769804,0.5052335098053904,9272.716114232418,0.5909059178278173
136.8368912736513,499.42960946541973,2.7696169849949204,0.5000644363660229,12200.935682255995,0.7470954216377016
138.13720090722865,496.82566029789825,1.493944257804598,0.5621172936073073,9460.3723161311,0.4862559211208216
136.79959476675728,499.15995684095606,1.7073473180617689,0.5151423490231383,10640.743962335158,0.5314505394742598
138.87613825576705,497.04115115300124,2.366459986221714,0.5062343375313854,11810.745445327802,0.6315115999837764
138.47579962679603,497.81922225711253,1.504013530570347,0.6678478715197091,8319.787237859695,0.42916031593519555
135.8338227358841,481.4984146413304,1.458541155308727,1.1362273217328762,5006.534966706563,0.3338043364399207
136.00871573132454,497.41995487864415,3.4937048007552005,0.5007772576779592,12320.099244072433,0.9694821868714463
137.7244998535093,473.36375934933295,1.3956787620393547,0.5088072406984898,9254.45273022318,0.5571357096913163
136.63867830832993,495.5125239569678,1.4426408429649484,0.5936456526368551,8826.396690117375,0.48374562756907513
136.09597992405082,498.8794586754292,2.2233665436432073,0.6655043228340055,9114.063576776583,0.5640744217658191
139.69408714193577,492.63064457191973,1.0773599926223953,1.7764921273125998,3160.455335050545,0.24014438631577872
137.59901630827252,499.2260121541924,1.491528910848601,0.8414237772480326,6848.5641819549355,0.37732230606217354
139.09560242884965,495.59668123834086,1.4617817058005573,0.5936456526368551,9013.33573120321,0.4607795827638826
137.30019859944713,499.9310318054612,1.5823977194238603,0.9694488624290023,6154.9222580267,0.3644798667868431
138.04279073786978,496.82566029789825,1.6551294936128018,0.5034026839286753,10723.804933820353,0.5272780129712513
139.7378454340876,496.80225777381787,1.4369741099111326,1.2929748906406386,4644.705081046336,0.29598083532559083
135.87157065171112,494.74233665735386,2.373474781305533,0.5052084462386255,11667.369863467258,0.6497645981191367
137.7244998535093,499.8143841499476,1.3940699847628881,0.8430999189332896,6696.485815584758,0.370694646018506
137.30019859944713,499.48768700573584,1.5241026743818311,0.9764955540889316,6055.852848925997,0.35459413907177934
137.6478358751121,494.3387810067764,1.5012835780956926,0.7179276229787002,7743.733923097401,0.4173489915507685
135.8626306049784,470.48269682836315,1.6841476364254384,0.8414237772480326,6575.822941701947,0.4216392699235344
138.892257391704,499.77992973640846,2.348968771845178,0.7384048334440358,8364.58014197545,0.5820413105435108
137.3368273115222,486.4036873055431,3.871323083705378,0.5003431388763223,12096.672824049876,1.09241699592078
139.1021257291128,499.59789370643813,3.650705851526652,0.5079034047345528,12240.528080902035,1.016778569429984
136.53475025778704,490.7332362604308,2.7707219532160785,0.5000644363660229,11964.929348030872,0.7509203188545103
135.75715875762126,483.54317938948844,1.6179421293738403,1.122279987847044,5203.231931550462,0.36108774704676355
136.8368912736513,499.5458956611024,2.785434753831275,0.5000644363660229,12211.388146509937,0.7515190522167411
136.64520813785145,499.29529585284627,3.550093800720477,0.5079034047345528,12211.251122027223,0.9858838968557068
137.3368273115222,498.78775184170763,3.887069026185159,0.538729948744431,11534.98297758709,1.0952243970886122
135.77969182325637,494.84413343862883,1.1541263339221648,1.8741332333781897,3081.4248270723974,0.23913132946398208
135.99701161443429,498.756975724599,1.6633823240297125,0.5062594010981503,10612.847541562409,0.5437629059394615
139.57069796661972,497.66907546714975,1.4155330485308297,1.3594313243006955,4429.3031229319395,0.28727656608285623
136.05923623815968,496.7722767244469,1.6877145211963918,0.5149308344999004,10488.274781619471,0.5392195791291188
136.05923623815968,497.06391559208953,1.9314324113315138,0.5052335098053904,11160.858685219573,0.5666274276295505
136.0548808473235,497.415986809281,3.422025093567262,0.5007772576779592,12309.541392315281,0.9465153964567495
138.22269698404128,498.92115504114224,2.2244715118643517,0.5149308344999004,11532.739328874259,0.5980135749486075
137.59901630827252,499.2260121541924,1.4905170181592358,0.8414237772480326,6847.124454137974,0.3772383062465198
136.8254329446499,492.63064457191973,1.0773599926223953,0.5128169012309048,8300.521822412458,0.6356282993452234
135.6949320456217,488.6248981448025,1.4041695567731058,0.8430999189332896,6475.745722423532,0.3895318761073506
139.60405088455119,492.78779722194696,1.4155330485308297,0.5026508751675307,10034.338980816869,0.5216274372046976
138.892257391704,498.7854860042931,2.350576556599117,0.6638204564771419,9236.936050542348,0.5909789432143453
139.08941868725879,498.0213726199123,1.5779282882199235,0.5010268578316474,10659.890576025087,0.5167642969839162
136.00563897313978,488.9646825171315,1.0949313495879713,1.8120366305234215,3067.62432096329,0.24987249879130177
137.59901630827252,498.92498599668943,1.491528910848601,0.8414237772480326,6843.8028355433635,0.3774494123331646
138.02453557952555,499.60446090120155,1.3952239139608673,0.6450644882589401,8314.97948994966,0.4426192319123264
136.05796287895825,496.6424428049915,1.518014020094856,0.5052335098053904,10171.658025645696,0.5472881187322107
135.75715875762126,481.59916075187675,1.4028528271290053,1.2330973033781958,4609.911489261834,0.3149447130583933
136.01307112216074,497.0678836614527,1.9314324113315138,0.5052335098053904,11158.295627161786,0.5669996970816804
138.84165657869997,491.18729822049056,1.6708501782745309,0.5412561551153162,10076.384825277308,0.5006159285785157
138.04279073786978,496.82566029789825,1.6561413863021668,0.5034026839286753,10726.34406719976,0.5273131943230399
139.7030151503481,499.5458956611024,2.785434753831275,1.893120846363437,3278.498939389958,0.7232775034876661
137.7867265648369,498.83557043372366,1.492254926138346,1.1362273217328762,5264.816848086932,0.3260225214851647
137.3030366696255,497.86457957140686,3.871323083705378,1.458052651875872,4239.085977352051,1.097257721784489
136.8368912736513,499.51738532703786,2.8672234570528055,0.5374388165608817,11444.54257653247,0.7671149813297115
136.01486948202896,495.55754098913235,3.4937048007552005,0.5941901182314274,10382.126777963013,0.9623224908445576
139.69204165320926,497.5016304530799,3.6077476427103807,0.5007772576779592,12358.586322760279,1.0027261839096895
136.09597992405082,498.8076232964353,2.2244715118643517,0.5149308344999004,11443.226525572158,0.6101442505585644
136.7330416600479,496.97508438267204,1.6539755644156953,0.7367404785424487,7832.240971645465,0.4288659288723678
137.30147195864856,499.45065063639345,1.9375210656389341,0.9764955540889316,6297.367250855461,0.445603695829059
136.53801620911355,492.70620535423626,1.4155330485308297,1.481858155302107,4022.195288266366,0.287484691300649
137.3368273115222,497.94617898084704,3.9717047064076123,0.5003431388763223,12393.170967524837,1.125163116879922
137.35012313955792,496.2352710771966,1.4772970096140718,0.6154575310066899,8726.3877483797,0.46332467513269965
135.87234084764958,497.7522467120931,2.350576556599117,0.5062343375313854,11705.308855495387,0.6428748005412221
139.0456775078594,499.43201247841205,1.5243994040165183,0.9546927381416013,6210.4119198873905,0.35100492271068784
138.84165657869997,491.18729822049056,1.9067601695972463,0.501185962147244,11188.295380385794,0.5475769593997369
138.843862652074,497.88386026512194,1.0905776783678824,1.890738357009011,3034.578357041293,0.23137479049767395
139.57069796661972,492.70620535423626,1.415755039529342,1.0797615212349891,5392.792112311031,0.3179339962390089
138.2570091629359,498.317414309715,1.5243994040165183,0.55939220437348,9618.041064572204,0.4854438701166462
138.48681018075092,497.5016304530799,1.4943932935782476,0.5007772576779592,10362.48608650931,0.5253167358802439
138.95693109908018,490.2861770856162,1.3999551854674166,0.7392214850469221,7343.876721109852,0.40057991656676095
136.8368912736513,499.5440941198927,2.785434753831275,0.5301534710145224,11565.133708511477,0.7444255854893959
138.0453997298887,496.7221557636341,1.3941686253367915,0.7290730390811715,7495.102668178806,0.4074450420462051
136.8368912736513,497.61892399466245,2.779656212044012,0.5006751475742651,12144.343941561512,0.750240053091089
137.7867265648369,498.83557043372366,1.4872723625687236,0.5520211565053699,9600.342356517847,0.49472831129430395
138.2227660160002,497.82510296095484,1.508425594876326,0.5186593469485812,10127.246060137559,0.5135865087359279
137.68988651187664,499.5458956611024,1.433491897813721,0.5000644363660229,10170.252502709676,0.5372653919715621
136.05923623815968,467.9608527634015,1.4620693124433797,1.820924603195852,3155.053937485902,0.28478252976521046
139.6804544423888,492.63064457191973,1.074249103187637,1.8683764436973564,3017.896147589514,0.23370041387738924
139.02712245723595,489.9151953615271,3.9717047064076123,0.5000712873314488,12201.849597146042,1.12482721781296
139.79960111842095,497.94617898084704,3.9078306609387785,0.7533712891523194,8234.357732317136,1.10240181827745
136.15711338927042,480.71632673790197,1.4445943040008091,1.8683764436973564,3162.7844522009955,0.27708370159299434
137.7867265648369,498.83557043372366,1.1348659124100782,1.4109011999780001,3987.951313676307,0.27478282843015667
139.09560242884965,499.69714178347994,1.4775937392487588,0.9517119941804193,6182.867846221097,0.3450607062474626
139.74497759692855,497.81922225711253,3.5978475713642286,0.5765740808505033,10757.103541103555,0.9963011722806321
138.13720090722865,499.84852418011656,1.4880590571000696,0.5621172936073073,9515.652211650722,0.4842691546188054
138.892257391704,498.75877720747,2.350576556599117,0.5000541494348218,11973.480757578243,0.6292199195378101
137.72189086149035,450.3285190038672,1.6560427457291886,0.516090140236535,9297.336365059424,0.5578423934019977
138.53896044174775,499.22665317761454,3.174985465836023,0.5079245873717936,12171.425859803689,0.8629837522100311
138.84165657869997,465.96130669571414,1.6758327418441543,1.1266229725687151,5042.453349003165,0.36843256630246884
134.58862514206496,498.9152743368043,2.220059456787597,0.6642523358797772,9096.183197419445,0.5690505070601415
136.87150461528398,499.8143841499476,2.746028448697584,1.0135052153935273,6148.355597193203,0.7038761492845708
139.0456775078594,499.43201247841205,1.5201185261869807,1.015479136312866,5874.822240779482,0.3411640845287625
139.5843306661667,492.70620535423626,1.4186657493735297,1.4088626925906391,4241.665274145617,0.2852249553202453
138.13720090722865,497.93037985526547,1.493944257804598,0.5683109293189949,9407.023555907124,0.48168365288678466
137.76846674252815,498.75877720747,1.1034667833304959,0.5130036959488322,8633.716712623285,0.6040215426867251
139.82604606107083,492.74553275305755,1.8764395968294916,1.0797615212349891,5641.659803564761,0.41866032763129263
135.83008838831833,497.8245037731895,1.4852736271088636,0.5077894051896363,10046.518079017258,0.5487717625774613
138.84164266372852,498.27062203994956,1.930517905953461,1.9543617355453047,3178.0216538038467,0.4254855661452579
136.8368912736513,499.4196361763452,2.785434753831275,0.5636851882385101,10913.499710151127,0.7381858272769808
137.3289604864095,497.9519803141966,2.2244715118643517,0.5001736060773501,11763.437896359654,0.609761591821846
139.56816635882592,494.8501037360941,1.030575083497011,1.8766624968050203,2959.90742180202,0.2413762912503529
137.32404183373004,498.78912563767744,1.231333594299677,1.4343212836864565,4051.8921574621836,0.2693469543665905
136.00447064109352,498.92115504114224,2.3306826594358974,0.5125639620446183,11596.454648640483,0.6345509389692932
137.3368273115222,495.4806940544505,1.6044759973512608,0.5003431388763223,10556.91427647806,0.5364345400671406
138.892257391704,498.82840011460377,2.176884279936787,0.5323076442465504,11178.610840300305,0.5775288127286904
139.74775353931545,494.3410749504885,1.332899736667847,1.2856693226241218,4562.207461617797,0.2829661968960701
138.843862652074,497.88386026512194,1.1729680479110693,0.6066710010360288,7999.877967154326,0.4916742304615352
138.84165657869997,494.078865213379,1.6973199704554158,0.5412561551153162,10204.000167962982,0.5006621990096544
138.91051721305342,498.83557043372366,2.384963434329542,1.4194838720332625,4379.968446335673,0.5809851694495116
139.9105181316867,470.8434154270392,3.6077476427103807,0.5007772576779592,11685.610407668428,1.0045683178880507
137.76853245382745,499.6458243775021,1.4905782050295073,0.8414237772480326,6858.506795448272,0.3761317752305203
136.0548808473235,497.410705293204,3.422025093567262,0.6635818363119327,9340.083333095243,0.9359541472725831
138.8438765670454,490.80005199870857,1.068888142798199,0.503580326317794,8466.494384465283,0.6227561277925759
139.0456775078594,499.5582719631693,1.5201185261869807,0.9604008693755345,6175.292780733589,0.3494181568039547
138.23056380915386,498.9153537076761,3.871323083705378,0.5155343319177919,12053.451111157367,1.0904666899471707
137.79951204262906,498.75095402580047,3.861931211407522,0.6499848589662387,9566.201194350126,1.0852527267097496
138.27310717025068,497.415986809281,3.3158139462610245,0.5007772576779592,12314.577936601483,0.9092244026641395
139.09560242884965,498.02354323253223,3.398202006655202,0.6174831932101783,10047.330681168325,0.9282718197486145
139.57069796661972,492.6340298460884,1.4248520842620107,1.0606536317082673,5486.972014696582,0.3217350195112067
138.46577025007136,496.80225777381787,1.876236678224502,0.648382549587144,9073.869053489168,0.48089273448583353
139.6477506912886,499.5458956611024,3.0057641530342027,1.808237172850211,3430.591575053151,0.7997710666163856
137.7312573305072,499.8143841499476,1.3940699847628881,0.506636699703036,9948.574467797322,0.535309802329871
137.7867265648369,493.2461488505812,1.4147184612270747,1.0709768119045067,5406.675926638995,0.32640584540262185
139.0826611830837,498.0213726199123,1.5779282882199235,0.8439334156044328,6958.783612292058,0.379435673231454
138.95693109908018,487.3725262088102,1.3999551854674166,0.5030864401469494,9789.838408893826,0.5345837716543548
137.36614503016725,493.55830537895866,1.503237519214973,0.6678478715197091,8185.690593146657,0.439838302929296
138.02370166200387,495.5580583258769,1.4712629439724827,0.549274080520304,9527.530613839412,0.4972781740454509
138.82490914010916,497.88386026512194,1.074764333862558,1.8174585843595237,3122.5640906835742,0.2390135284084564
138.72331725012796,487.81970948598604,2.785434753831275,0.5001215892910955,11944.898970473627,0.7483643138688116
137.3428847029769,498.2923463879932,1.5243994040165183,0.55939220437348,9563.738770204736,0.49380076820273255
139.75089917694362,497.5016304530799,3.6077476427103807,0.501184513206907,12348.954784830587,1.0026595697322984
138.46654577583027,489.74053353186355,1.504013530570347,0.5494643149946975,9502.88879043992,0.49611396658239715
138.843862652074,497.88386026512194,1.4912589637793041,1.9751734321051104,3126.034690105947,0.28191635332073894
138.85956914461912,491.57864159185095,1.8955646521664282,0.501185962147244,11180.271511458695,0.5457368833230397
136.63331088023358,476.87691505160456,1.5243994040165183,0.5526057735210762,9097.480248488135,0.5213190048987879
135.37873298299277,495.01348367036707,1.2598951197976564,0.5296664838500936,8863.774503951552,0.572161579602209
126.98687725066561,497.15980991565624,1.4280395738464937,0.5077451685267776,9125.155240750502,0.6768212787863813
138.892257391704,492.73471705573866,2.350576556599117,0.5000541494348218,11812.401910661254,0.6314898681960086
137.3368273115222,497.94617898084704,3.9717047064076123,0.5049818058891278,12280.588329144772,1.124945363811242
138.84165657869997,497.3410247884324,1.9067601695972463,0.7424473345821673,8090.022780368275,0.46289522571273956
138.44648190813578,497.9474700047851,3.8722281427856142,0.5003431388763223,12391.684353366754,1.0913893700102104
139.1146914998437,496.82566029789825,1.6624721815784453,0.5365734089521593,10283.8288835062,0.49698974023609965
139.7567728594915,496.80225777381787,1.4369741099111326,1.2929748906406386,4644.890309304452,0.29592917090076215
138.32813256548795,499.4172706434851,3.141081373333766,0.500720772047354,12335.364286685315,0.8537039802413023
138.23816629368878,447.42323364030443,1.231333594299677,1.4343212836864565,3596.24443257742,0.2828892673784068
138.22269698404128,498.92115504114224,2.2244715118643517,0.5807082171644151,10368.136504892453,0.5761757871700481
138.9661849500459,441.1246657274902,1.3999551854674166,0.7392214850469221,6467.198311219515,0.43095582815769506
139.09560242884965,495.5580583258769,1.0769812176059825,0.6690334190684921,7060.4467505713965,0.482540234152584
136.81897846485586,499.5458956611024,2.7966302717269143,0.5000644363660229,12216.083823518176,0.7547460092651835
139.74775353931545,494.44392184092595,1.332899736667847,1.2943461434161097,4535.875664144848,0.28203060406498137
139.64246437935614,499.26432487100425,2.8143799953515094,1.9112567709750603,3244.997463365828,0.733501915555244
137.7244998535093,499.9694496402886,3.2819630061759795,0.8426786656183562,7396.627133586327,0.8871044995659951
137.3368273115222,497.94617898084704,3.694228749367549,0.5895859250997187,10524.015784143123,1.0289413662743743
138.20678603655819,481.2698268288132,1.5779282882199235,0.5203901711146879,9871.251964879515,0.5239497661187403
138.90538542627476,490.2861770856162,1.3999551854674166,0.838144547638997,6624.234331591947,0.3694809149658096
138.22269698404128,498.9224837130822,2.1856036086359154,0.51846380904922,11424.415364114642,0.5882292193351725
137.41541779453866,497.94617898084704,3.8551489975344873,0.5003349352802431,12387.587881641744,1.0862642456182945
138.892257391704,498.75877720747,2.281938088905162,0.5000541494348218,11911.148596538613,0.6132588826637955
138.32813256548795,499.4172706434851,1.528218668940054,0.5445714582777768,9859.620479011568,0.49328111666251195
137.28397162275914,498.1427619325263,1.231333594299677,1.4343212836864565,4045.5073417141425,0.26970268919743423
138.843862652074,497.88386026512194,1.3932303789003262,1.890738357009011,3239.98337938212,0.25812168129694224
138.22269698404128,498.75708074230823,2.3487254938702398,0.5149308344999004,11641.532445977979,0.6266032073656498
137.7244998535093,499.41257103049344,1.3940699847628881,0.8430999189332896,6690.180803459887,0.3708833992865634
137.4003718593092,497.50781852934654,3.6592003395431116,0.5011681013246334,12342.050524531982,1.0214997690325218
139.09560242884965,497.97411690135414,1.884764146047417,0.5936456526368551,9849.70491002114,0.49664165157279216
137.67170848401116,490.2861770856162,1.399280406184983,0.6922637103533777,7683.807187461452,0.42914692574720403
139.7567728594915,497.5010829462925,1.4309216498938728,1.2929748906406386,4648.056905321038,0.2947332815953373
138.467202364663,499.7993698131295,1.504013530570347,0.6678562303907134,8358.829493732883,0.4281255679743584
139.7435754792034,497.5016304530799,3.2606755040049067,0.5007772576779592,12321.625222125624,0.8895226949805072
138.2570091629359,498.3160856377747,1.5197069732497035,0.5558593870122289,9652.805911077157,0.48763935534848496
139.67053560836888,497.5016304530799,3.6077476427103807,0.5011927184596526,12348.414425364803,1.0027143981519868
139.95146848986582,499.43201247841205,1.5243994040165183,0.9546927381416013,6226.953978057693,0.3474170185943878
139.57069796661972,492.6340298460884,3.3573045488665016,1.0266485115912474,5975.734145330222,0.9148931868913257
138.48655211904946,479.64041491143155,4.17493274484338,0.5003431388763223,11942.90138655895,1.1937056098862575
138.892257391704,498.92285150630397,2.2263225745932287,0.5000541494348218,11859.599538145345,0.6008702115099783
138.32813256548795,499.8190834487581,3.141081373333766,0.500720772047354,12345.691093824174,0.8536436001183458
139.685557902464,497.93999090458044,3.9635485220122333,0.5003431388763223,12397.617766618128,1.1215857381289898
139.0826611830837,490.7791062353196,1.5786030675023623,0.8240172749199892,6988.55563108695,0.3865433032903318
139.91551423130954,494.8501037360941,1.3103217131418243,1.8766624968050203,3216.3921675590586,0.24011624786469293
139.59528922149204,474.3468267258105,1.415755039529342,1.0746145677432195,5190.363319747296,0.3246221640863441
139.8835465194352,497.5016304530799,3.333780688890895,0.5078400313873699,12165.639970613638,0.9122127694051099
138.843862652074,497.88386026512194,1.0899289127117633,1.890738357009011,3033.7943054521384,0.23145303744038953
137.32404183373004,499.06380018932913,1.27412159554931,1.4364052571178823,4094.373198152916,0.2705171710202428
139.9598027667529,498.75877720747,2.3538352347489138,0.5000541494348218,12012.54188806962,0.6250761450882482
132.8019680396002,496.23079942293543,2.7696169849949204,1.8461298134058246,3347.539242336871,0.7137988723325001
138.843862652074,499.1000964737733,1.3934724580748676,1.890738357009011,3248.330280492751,0.258038130227547
138.95839207570464,490.2861770856162,1.3977800700626852,0.5897333143698921,8760.689525198442,0.4707827013457856
138.32813256548795,499.8190834487581,3.1089211453794774,0.500720772047354,12338.52477712623,0.8436363147206087
137.41556558135102,493.69786888974414,1.5562835717539942,0.5047183346783392,10312.429366596458,0.534137530327157
139.55062812798323,498.3969206805865,4.008393847134481,0.5003431388763223,12410.178994845368,1.1367172970001256
136.81897846485586,493.6086493040964,2.7966302717269143,0.5000644363660229,12060.032711730333,0.7563257047634767
138.27604635061422,497.88386026512194,1.0905776783678824,1.890738357009011,3029.7606368077036,0.23333220272064137
139.5835071525931,499.85667211624514,1.504013530570347,0.6678562303907134,8406.326092685313,0.4202215076247569
138.85877394241612,490.2861770856162,1.3329271063937287,1.279331515825609,4529.423672157811,0.2880099847476952
136.78802060307606,499.7196355038261,2.8040869168203417,0.5000342355627819,12223.968176151102,0.7569271319825801
139.57069796661972,498.93353897596546,1.5517978263675287,0.5003227599597235,10654.154777190124,0.512079467558658
139.06843028236182,497.5016304530799,1.5898925079190098,0.5003408904168075,10688.741339017133,0.5179055550596131
138.99073186401904,466.3169884997722,1.0905776783678824,0.5720024659611286,7355.327436675534,0.5726918019338157
136.539442270061,497.5010829462925,1.431493277569374,1.2929748906406386,4613.908552707861,0.30451586908734496
139.0941414522252,495.5580583258769,1.4797688546534904,0.7393154298639224,7594.895171248074,0.3986940814731403
128.59288993664052,498.75877720747,2.3859954627036895,0.5000273887947563,11541.978486818578,0.7032440415557791
138.09692682517715,435.27088443920354,1.5404877953274714,0.5034026839286753,8807.463541176372,0.5812189360773193
138.46705457784526,499.7765762855512,3.8029948349341707,0.6666768056755621,9345.222867372147,1.0652561764515702
138.35756567172808,498.9519414812083,2.140757989072743,0.51846380904922,11381.591055081248,0.5781441971421926
137.6192218379361,499.8154793702418,1.231333594299677,1.4343212836864565,4064.941987236144,0.26787592434347596
138.8248254643956,498.317414309715,1.5243994040165183,0.55939220437348,9650.781910581532,0.48040574579026274
137.52584973348334,499.42960946541973,2.7696169849949204,0.5065361765615253,12072.235130840058,0.7431622515103674
138.45438984246928,492.4518038387743,1.7832255128349233,1.0606536317082673,5699.532949045756,0.396350394703735
139.50485758635816,494.44392184092595,1.2569781056214748,0.7542365060736187,6992.791257996051,0.3967271296915347
138.3590904267408,475.0859927368444,3.133624728240339,0.5007562869996893,11706.303809051971,0.8554448199291487
139.685557902464,497.93999090458044,3.8447235514624216,1.1475321839574277,5393.254754380481,1.0857050409849485
139.77806329230532,496.04071060442476,3.639585973356259,0.6001284418213177,10300.74702705029,1.010032130567288
136.77353773184672,499.54137422224494,1.502266427157628,0.5787058770443664,9257.732013985658,0.4866225072660765
138.5305558995896,499.7993698131295,2.771365925348741,0.5002698450945109,12245.124503132507,0.7419734951282413
138.32813256548795,446.82746956398717,3.161093154951086,0.7022314109038821,7918.399323645102,0.8490950688618478
139.58782746849153,499.85667211624514,1.504013530570347,0.6678562303907134,8406.502511567258,0.42019171113928544
139.58652288022537,497.88386026512194,1.1170000011036576,1.7914364144428465,3223.1389295003178,0.23330866195300368
139.75089917694362,497.5016304530799,1.4709312762501325,0.516276364854576,10143.353145754922,0.5019966619527759
138.2975637832142,499.4982839045938,1.5245448433199276,0.5449324110769241,9844.933322645376,0.4933031609736977
138.5285585085003,499.8923847426012,1.4900503992137226,1.0742686070450298,5558.82877706511,0.3303480169425732
139.74775353931545,494.44392184092595,1.3095077462273588,0.7349192734165851,7280.196767067095,0.3975363737773757
139.395361611648,497.43620238841294,1.4775435272431265,0.5936456526368551,9109.910324516148,0.45683709533853667
139.96941354988783,499.85667211624514,1.504013530570347,0.6678562303907134,8421.995213975706,0.4175799204604643
137.41541779453866,498.0008837455927,3.8551489975344873,0.5004130097011967,12387.062353311452,1.0862564185892314
138.33117432536062,494.152372486872,1.0205944438938062,0.511907111279905,8164.6627598006435,0.6423468104086877
139.9761883994817,498.7544450388064,2.3538352347489138,0.5000375298478903,12013.322832336775,0.625010414968435
139.80543203651314,498.39450500646944,4.008393847134481,0.5003431388763223,12410.409630804686,1.1366672709388996
139.74775353931545,494.44392184092595,1.0939869205896013,1.2943461434161097,4209.713307868129,0.2889745837167874
137.41541779453866,499.893044023549,3.891754181210636,0.5002819298177588,12440.01792435615,1.0983404410567057
139.95522037968792,498.75877720747,2.3538352347489138,0.5000541494348218,12012.39090331763,0.6250965656673586
138.83399218622588,490.5940975459161,3.960009539167163,0.5003431388763223,12211.486251091885,1.120936980184707
139.0941414522252,495.5580583258769,3.6166969147746633,0.7279031956648397,8486.158274880338,1.0017723609185287
138.85539424666922,499.51615080289207,1.5280732296366446,0.5590312515743326,9695.216722912171,0.47956245692301036
139.0476748989485,499.7993698131295,2.801438197610522,0.500255707821456,12268.030084641528,0.7492038635182126
139.50485758635816,497.5833048397036,1.3669039796537528,1.3370851292105348,4461.445460036172,0.2818538705180137
139.09536549587304,495.5580583258769,1.4798190666591224,0.7393154298639224,7595.026287487677,0.39868881982736454
139.69204165320926,497.44692568833426,3.6077476427103807,0.5003211548211224,12368.288549540459,1.002759196981771
137.25069048116384,499.93420457366705,3.1478295737338784,0.7546424195888812,8256.700643632135,0.8417667693374334
139.75120437960413,497.5059626212244,3.6077476427103807,0.501213466784429,12348.363285759468,1.0026572453700096
138.5305558995896,491.2837109711493,2.771365925348741,0.5002698450945109,12022.196153181736,0.7440441643468982
136.48515888043772,499.85312693244936,1.3294909806695827,1.8115501348659513,3350.128297746569,0.25259898512135576
139.8457107921986,497.53572024870573,3.40359370136329,0.501184513206907,12332.017062918327,0.9355369015533314
138.5305558995896,499.7993698131295,2.9301018783839687,0.5001350745506984,12306.352308578293,0.7886872440602971
139.26337796979175,499.397904972014,1.4614203826493624,0.9546927381416013,6146.833324860307,0.342049889550659
139.75120437960413,497.5059626212244,3.5822311740087995,0.5013545660624436,12343.070571237487,0.9942130757528276
138.5305558995896,499.8814985568568,2.9576244854950495,0.5001350745506984,12316.964976691112,0.7969542824158017
139.69204165320926,492.7788773558011,3.6090599643703523,0.5052410756908408,12133.078619690401,1.0031816020222681
138.8465933688093,499.85667211624514,1.504013530570347,1.897412182454064,3265.7677736648316,0.2867995866020384
136.41784000032865,499.9854740351152,1.3725418200421982,1.8115501348659513,3370.328423171658,0.26044195722647545
139.83947505921626,498.758416955509,1.6987716900517325,0.5034847192385593,10992.40585422744,0.5122737850370102
125.08453505464976,499.89446815095073,1.128670231546997,0.5093123639975179,7795.090668964926,0.8070122301640003
138.2289117529429,498.9411538433367,2.9096934792843103,0.500720772047354,12258.611227432511,0.7834057773629922
139.80567206965057,491.57864159185095,1.8955646521664282,0.501185962147244,11231.28987893413,0.538717139502591
137.376136200587,499.893044023549,3.891754181210636,0.5000587357989349,12445.367732165563,1.0983745912903364
136.5113550723329,494.98438649666235,2.9301018783839687,1.7605190648777083,3497.036607499113,0.770956009015361
139.10585766323288,498.52988204275573,1.4798190666591224,0.7393154298639224,7648.882966435714,0.3971696822564709
138.56044442578823,497.3417419749521,2.7655511063186973,0.5002698450945109,12178.992086870214,0.7407980716204698
137.5240595407042,497.43620238841294,1.4775435272431265,0.5936456526368551,9010.05961490335,0.4729776126920083
137.739277392163,498.7980980476194,1.231333594299677,1.4343212836864565,4057.193414951781,0.26771170508639996
139.395361611648,499.95568828454594,1.4775435272431265,0.5952557877229256,9146.726805326267,0.45437825016398126
138.5305558995896,453.8768300512309,2.5204561207104508,0.5002698450945109,10889.58716799928,0.6897732239091632
139.57069796661972,497.37425308852204,1.4146497637941278,1.092376066472592,5392.953389437239,0.3146210844297661
139.98419506222098,497.88386026512194,1.0905776783678824,0.6597328429330869,7273.140545468827,0.472338104498597
138.9726993040556,490.2861770856162,1.398147064381884,0.838144547638997,6623.142231392686,0.36902636313695586
138.15776769064738,496.82168832173966,2.311204931424419,0.5000381069619638,11859.428500047363,0.6244983498484153
139.27604930090067,499.81405524283804,4.017140611777996,1.4439727126338413,4292.026812251237,1.149873234847465
138.32191779658632,499.8003540682074,2.1856036086359154,0.51846380904922,11451.074737947945,0.58731990879522
138.94466697468334,490.2861770856162,1.3999551854674166,0.838144547638997,6625.382180929803,0.3692437205730266
131.42556291440332,499.85239925975554,1.3294909806695827,0.5234971964552089,9016.970481176748,0.6103422390983602
138.83337048471412,497.88386026512194,1.0905776783678824,1.890738357009011,3034.4900385281107,0.23141061787393769
139.72123944473566,499.9252836333726,3.613562461739186,0.501213466784429,12409.639118979943,1.0044502748239075
130.04256313673065,497.5010829462925,1.4309216498938728,1.2929748906406386,4526.147482668742,0.32959533779786016
139.82671064322378,499.7716978195442,2.3538352347489138,0.5000375298478903,12035.49680149966,0.6253246881146827
139.89492625301787,497.5010829462925,1.4309216498938728,1.2929748906406386,4649.422011586775,0.29435325933324297
